fname	lname	city	order_amount
Dorothy	Buck	Costa Mesa	399.94000000000005
Carl	Smith	Meridian	399.94000000000005
Sharon	Smith	Costa Mesa	399.94000000000005
Mary	Lloyd	Cordova	399.94000000000005
Kevin	Jarvis	Caguas	399.94000000000005
