fname	lname	city	order_amount
Joseph	Sexton	Caguas	299.96999999999997
Mary	Trevino	Kenner	299.96999999999997
Mary	Martinez	Warren	299.96999999999997
James	Smith	Caguas	299.96999999999997
