fname	lname	city	order_amount
Mary	Harrington	Endicott	399.95000000000005
Donald	Sampson	Austin	399.95000000000005
Sarah	Smith	Lansdale	399.95000000000005
Mary	Sanchez	Albany	399.95000000000005
John	Smith	Chicago	399.95000000000005
Amanda	Marquez	Saint Paul	399.95000000000005
Mary	Caldwell	Caguas	399.95000000000005
William	Moore	Caguas	399.95000000000005
Kathleen	Smith	Littleton	399.95000000000005
Kathy	Rios	Washington	399.95000000000005
Joshua	Campbell	Greensburg	399.95000000000005
